Tanggal,Komentator,Komentar,jumlahlike
2021-09-02T10:02:43Z,@rifkyslow8106,Kalo udh di vaksin jangan fake masker kan kuat haha,0
2021-06-02T20:25:39Z,@systergamebling3120,"Sy org desa tdk tau akal musibah saat ini, entah knp vaksin masuk ke desa sy banyak yg sakit setelah divaksin, kalau tdk mau divaksin maka diancam tdk akan mendptkan tunjangan PKH.... Politik macam apa lagi",0
2021-05-03T09:38:47Z,@awfulwinners6810,"Umaku ikeba, koronawakuchin wa kotoshi 2030-nen made shippai shimasu koronawakuchin wa shippai shimasu, Ämen, furui mono ga kotoshi shippai suru made atarashÄ« koronawakuchin 2021 - 2030 koronawakuchin wa shippai shimashita Ämen wa kotoshi koronasupirittokorona ni ikimashou 2021 - 2030 korona ni ikimasu.",1
2021-02-14T21:50:17Z,@blasphemian4868,Pernah dengar Sunda Empire bilang: semua negara didunia harus daftar ulang.itu artinya semua negara di seluruh dunia di vaksin total.!! Bener juga Rangga sasana.hehe,0
2021-02-06T21:07:04Z,@palmcis365,"Vaksin diri dengan berpuasa Sunah , Jauhkan Diri Dari Maksiat, perbanyak sodakoh,<br><i>__Subuh itu Cinta Bagi Jiwa perindu surga__</i>",0
2021-01-31T13:43:34Z,@sigithermanto532,mau jualan obat ya dibuat penyakitnya dulu,0
2021-01-27T10:20:51Z,@Palembang-sk5zt,Vaksin celeng.haram,0
2021-01-27T10:17:55Z,@Palembang-sk5zt,Rakyat sdh muak sm isu Corona yg membuat susah rakyat. Hentikanlah sandiwara busuk ini,0
2021-01-27T02:28:19Z,@julianevan9503,Bismillah Jaw titan,0
2021-01-27T00:34:39Z,@kuerangie9064,"<b>SURAT PENOLAKAN LAYANAN KESEHATAN VAKSINASI / IMUNISASI</b><br><br>Dengan Hormat <br><br>Seperti telah kita ketahui dan pahami bersama di dalam UU Praktik Kedokteran 29 tahun 2004<br>Hak Dan Kewajiban Pasien Pasal (52), pasien dalam menerima pelayanan pada praktik kedokteran mempunyai hak :<br><br>1. Mendapatkan penjelasan secara lengkap tentang tindakan medis sebagaimana dimaksud pasal 45 ayat (3)<br>2. Meminta pendapat dokter atau  dokter gigi lain<br>3. Mendapatkan pelayanan sesuai dengan kebutuhan medis <br>4. <b>MENOLAK TINDAKAN MEDIS</b> dan<br>5. Mendapatkan isi rekam medis<br><br>Maka kami selaku Orang Tua, yang bertanda tangan di bawah ini:<br><br>Nama : <br>Hubungan dengan subjek : <br>Tanggal Lahir : <br>Alamat :<br><br>Dengan ini, menyatakan menolak dilakukannya tindakan Vaksinasi / Imunisasi pada :<br><br>Nama : <br>Tanggal Lahir : <br>Jenis Kelamin : <br>Alamat : <br><br>Dengan alasan :<br>1. UUD 1945 Pasal 29 ayat 2 â€œNegara menjamin kemerdekaan tiap-tiap penduduk untuk memeluk agamanya masing-masing dan beribadah menurut agamanya dan kepercayaannya itu.â€<br><br>Hal ini terkait status kehalalan vaksin yang sudah diberitahukan oleh MUI bahwa vaksin pada anak belum bersertifikasi halal. Menjalani hidup dan kehidupan adalah pilihan, halal dan haram adalah ketentuan. â€œLa iqraha fiddinâ€ tidak ada pemaksaan dalam agama apalagi untuk perkara duniawi.<br><br>2. UUD 1945 pasal 28G ayat 1 â€œSetiap orang berhak atas perlindungan diri pribadi, keluarga, kehormatan, dan harta benda dibawah kekuasaannya, serta berhak atas rasa aman dan perlindungan dari ancaman ketakutan untuk berbuat atau tidak berbuat sesuatu yang merupakan Hak Asasi.â€ <br>Setiap orang berhak mendapatkan rasa aman dan bebas dari ancaman.<br><br>3. UUD 1945 Pasal 28I ayat 1-2, (1)â€œHak untuk hidup, hak untuk tidak disiksa, hak kemerdekaan pikiran, dan hati nurani, hak beragama, hak untuk tidak diperbudak, hak untuk diakui sebagai pribadi dihadapan hukum, dan hak untuk tidak dituntut atas dasar hukum yang berlaku surut adalah Hak Asasi Manusia yang tidak dapat dikurangi dalam keadaan apapun.â€ (2)â€Setiap orang berhak bebas dari perlakuan diskriminatif atas dasar apapun dan berhak mendapatkan perlindungan terhadap perlakuan yang bersifat diskriminatif.<br><br>4. Pasal 28b ayat 2: â€œSetiap orang berhak atas kelangsungan hidup, tumbuh dan berkembang, serta berhak atas perlindungan dari kekerasan dan diskriminasiâ€, dengan demikian kami berhak atas perlindungan dari intimidasi serta diskriminasi karena pilihan kami untuk tidak memberikan vaksin pada anak kami.<br><br>5. Permenkes No.290/Menkes/Per/III/2008 dan UU No.29 Tahun 2004 Pasal 45, tentang informed consent, yaitu persetujuan tindakan kedokteran yang diberikan oleh pasien atau keluarga terdekatnya setelah mendapatkan penjelasan secara lengkap mengenai tindakan kedokteran yang akan dilakukan terhadap pasien. <br><br>Di Indonesia, informed consent secara yuridis formal terdapat pada pernyataan Ikatan Dokter Indonesia (IDI) melalui SK PB-IDI No. 319/PB/A.4/88 Tahun 1988, dipertegas dengan Permenkes No. 585 Tahun 1989 tentang persetujuan tindakan medik/ informed consent.<br><br>6. UU No.35 Tahun 2014 Pasal 3 ayat 1 â€œNegara, pemerintah, dan pemerintah daerah menjamin perlindungan, pemeliharaan, dan kesejahteraan anak dengan memperhatikan hak dan kewajiban orang tua, wali, atau orang lain yang secara hukum bertanggung jawab terhadap anak.â€<br><br>7. UU No.35 Tahun 2014 Pasal 45 ayat 1 â€œOrang tua dan keluarga bertanggung jawab menjaga kesehatan anak dan merawat sejak dalam kandungan.â€<br><br>Ini bentuk perlindungan kami atas status kehalalan dan keamanan vaksin dan perlindungan terhadap Kejadian Ikutan Paska Imunisasi (KIPI), Efek Negatif Vaksin, Vitamin K Sintetis dan sejenisnya.<br><br>8. UU No.33 Tahun 2014 tentang jaminan produk halal, produk halal adalah produk yang telah dinyatakan halal sesuai syariat islam yang masuk, beredar, dan diperdagangkan di wilayah Indonesia wajib bersertifikat halal. <br><br>9. UU No.8 Tahun 1999 tentang perlindungan konsumen yang mengatur barang atau jasa yang bersifat halal.",0
2021-01-21T09:25:15Z,@11_aurelferdinanpradinta79,Pelajar kapan?,0
2021-01-19T11:40:38Z,@51n_yt26,Orang Indonesia kebal virus,0
2021-01-16T03:12:40Z,@manusiaaja5884,"<a href=""https://www.youtube.com/watch?v=BRoifSCl_nk&amp;t=3050"">50:50</a><br>Di suntik vaksin atau tdk hasilnya sama <a href=""https://www.youtube.com/watch?v=BRoifSCl_nk&amp;t=3050"">50:50</a>",1
2021-01-15T11:22:33Z,@ericd.k982,Gratis/bayar sihğŸ˜‚,0
2021-01-13T13:30:00Z,@dikirobertus7455,Bagi yg gak mau vaksin cukup diam aja di rumah..gak usah sok komen seperti orang ahli yg malah meracuni pikiran masyarakat..apalagi itu gratisss,0
2021-01-13T06:14:01Z,@rhadtyarmdhnny1080,umur 17 taun kebawah nyimak kaga vaksin :v,0
2021-01-13T03:38:32Z,@kaptenjack1002,Sya hnya mau tau.vaksin itu terbuat dari apa. Halal ap g. Dan arti vaksin itu ap.,0
2021-01-13T03:32:11Z,@mekistore7724,Wkwk buatan china,0
2021-01-13T03:23:09Z,@jabriksial6228,"Kardun jng dvaksin biarin mreka kena covid trus modar.biar negara aman,<br>vaksin aj pakek kencing onta.",0
2021-01-13T02:09:40Z,@gemunime944,Serius nanya vaksin tu untuk yang sehat atau sakit?? Sudah ada uji coba dalam 5 tahun nggk reaksi nya?? Main suntik aja tu...,0
2021-01-13T00:15:42Z,@edixpayne8117,Dokter nakes di vaksin pake h2o... Masyarakat di vaksin pake obat berbahaya... Pada is dead,0
2021-01-12T17:15:59Z,@menjoxaudio7505,Yang mau di vaksin like yang gsk mau komen,0
2021-01-12T15:47:04Z,@manto1655,vaksin tahap pertama itu seharsnya org yg bekerja di kantor media dong<br> toh kalo vaksin tu aman kan msyrkt bisa pcya lawong yg nyampein berita dah di vaksin<br>ye kan,0
2021-01-12T12:41:49Z,@anastasyahelmi3006,"Nahh dluaan dahh gua mah belakangan mau liaat ,kalo gapapa baru dah  ga juga vaksin wkwk",0
2021-01-12T03:57:50Z,@aldyanhmm5321,Arab saudi vaksin made in jerman <br>Cina vaksin made in jerman .<br>Indonesia vaksin made in cina ....<br>  ..negara indonesia bahan percobaan orang cina..org cina ajah kaga mau di vaksin made in negara nya sendiri ..parahhh ..wkwkek,0
2021-01-11T23:19:01Z,@f.b.i.4410,menunggu orang yg suka konspirasi komen,0
2021-01-11T13:04:28Z,@aduhaitiktok865,Di cianjur ktnya bnyak yg meninggal stlah di vaksin. Apa ada yg tau jwban y,0
2021-01-12T21:33:18Z,@siangmalam1934,Serius bang,0
2021-01-19T08:41:31Z,@ads9050,Serius bang Kasih tau infonya,0
2021-01-20T16:51:07Z,@aduhaitiktok865,Serius bro cuman ga di publikasikan. Tapi saya masih ragu juga. itu sya dapat info dari sodara ibu sya. yg tinggal di cianjur...,0
2021-01-20T17:57:41Z,@siangmalam1934,"@@aduhaitiktok865 takut saya bang , auto kabur ke hutan .....",0
2021-01-11T12:28:54Z,@AdemulyanaAdemulyana,Yang TK mau dipakai klw dipaksa lawan sampei tetes darah penghabisan,0
2021-01-11T05:59:47Z,@tirtachandra4747,Negara yg punya vaksinnya aja makin bludak jumlahnya kok kita pake jga yg blm tau hasilnya,0
2021-01-11T05:04:51Z,@ipmlbanten1215,Kakak kandung sy di sweb di tempat kerjanya dengan hasil positif corona.lalu di karantina 2 minggu.selama di karantina cuma di kasih vitamin .<br>beres 2 mnggu di nyatakan sembuh.<br>Kesimpulannya jika dengan vitamin bisa menyembuhlan corona mungkin tidak banyak korban meninggal karena corona dan ngapain repot2 di vaksin.beli aja vitamin C di apotekğŸ˜‚ğŸ˜‚ğŸ˜‚ğŸ˜‚,1
2021-01-11T03:31:58Z,@rian770,Tiati jdi titan,0
2021-01-11T03:05:09Z,@panglimamuda9586,Kalo saya sekeluarga tidak akan suntik vaksin ogahhhh,1
2021-01-11T02:17:19Z,@antototo9515,"Yg gak mau divaksin, jangan dipaksa.",0
2021-01-11T02:13:56Z,@imanmutakin1417,"gratis apa bayar ya,,???",0
2021-01-10T18:58:42Z,@juanbsw9642,2ğŸ˜·2ğŸ˜· dan 2ğŸ˜·2ğŸ’‰ hati hati sma 2021. Karna masker dan suntik akan menyatu,0
2021-01-10T18:38:35Z,@hidayatrendy4437,knapa perlu di bayar dok?,0
2021-01-10T18:17:05Z,@nopriyanto8377,Rakyat Cina yg 2 miliar sudah divaksin belum jangan2 bukan  vaksin tolong ahli laboratorium di cek dulu kandungan vaksin sebelum di kasih kerakyat Indonesia.,0
2021-01-10T15:09:03Z,@suhardigayo4905,"pondok psantren madinatin ulum pas di faksin 80-100 org langsung pingsan &amp; kjang2. aparat yg keparat di faksin, jokowi, ma&#39;ruf, mega dan ja2ran karpet merah, tpi di saksikan oleh masyarakat . paksin pembunuhan secara masal. hti2 ummat muslim hati2.",0
2021-01-10T14:15:10Z,@ramajaya3820,Vaksin membunuh,2
2021-01-10T14:13:16Z,@tawfikistar7627,"Hrusnya di uji coba ke penganten baru, curiga dampaknya apa bisa bikin orang mandul,itu yg dangat brbahaya.",0
2021-01-10T13:44:10Z,@prolirjeruk738,Presiden aja dulu gw g mau ajg ğŸ¤£,0
2021-01-10T13:16:11Z,@kartunnew775,Ternyata Org kesehatan tidak Mau divaksin,0
2021-01-10T07:08:39Z,@parjionoparji4936,"Seharusnya yg Fi vaksin KHUSUS yg Punya RIWAYAT PENYAKIT Saja, Yg tdk punya riwayat penyakit lain TDK USAH, ( Kan gak ada yg Meninggal yg terkena CORONNA Tapi  tdk punya riwayat penyakit ). Kenapa di vaksin semua.",0
2021-01-10T04:17:02Z,@sumuraix344,Maaf saya GK masih banyak bertanya tanya tentang vaksin,0
2021-01-10T04:12:50Z,@akbarhakim6905,knp hrus d vaksin?,0
2021-01-10T02:19:20Z,@Palembang-sk5zt,Rakyat jangan mau di vaksin dr cina bahaya bs sebabkan lumpuh. Cina aja beli vaksin sm Jerman.,0
2021-01-09T17:14:04Z,@masmatmat6244,Kediri nganjuk para dokter dapat uang puluhan juta gara2 pasien mati sakit lambung lalu di vonis corona..pihak keluarga di suruh tanda tangan..supaya para dokter dapat uang dari pemerintah..sedangkan di madiun ada kasus..para perawat corona atau relawan dapat uang 7 juta per orang,0
2021-01-09T17:11:24Z,@masmatmat6244,Pasien corona indonesia banyak yang sembuh..kenapa nggk di cari aja obatnya yang bisa nyembuhin pasien corona..kenapa harus bingung dan berlomba lomba datangin vaksin dari luar negri,0
2021-01-09T14:03:36Z,@damsirdamsir271,"CHINA MEMANG HEBAT, KIRIM COVID 19 KE INDONESIA SEKARANG KIRIM VAKSIN, PENYAKIT AJA JADI BISNIS..",2
2021-01-11T06:00:57Z,@tirtachandra4747,Dinegaranya jumlahnya mkin byk sdh dicoba blm vaksin dinegaranya,0
2021-01-18T09:25:46Z,@fakta485,"Mungkin sudah direncanakan... mungkin yaaağŸ˜... karena untuk membuat vaksin saja memerlukan waktu tahunan, virus jg mutasinya bisa tahunan. Kecuali dibantu di lab...",0
2021-01-09T13:17:57Z,@kalimantanboss2121,"Vaksin dri cina,racun yg berlahan membunuhmu",0
2021-01-09T12:02:19Z,@setiarso8195,Klo gua nnti aj lah blakngn ğŸ˜,0
2021-01-09T03:22:38Z,@putravanhouten3441,Jangan terima vaksin... kita belum tau apa isi vaksin itu apa yang kirim vaksin itu apa sdh merka uji pada masyarakatnya...kita jangn mau jdi uji coba seperti binatang,3
2021-01-09T16:09:26Z,@ulungrinjanidharma8609,"loh yg diujicoba pak jokowi juga kok, nakes juga ntar priority pertama.",0
2021-01-10T18:20:02Z,@nopriyanto8377,Benar rakyat Cina jumlahnya 2 miliar tidak di vaksin jangan jangan racun yg membunuh secara halus.,0
2021-01-11T03:11:25Z,@ulungrinjanidharma8609,"@@nopriyanto8377 loh sedih banget ya idup, isinya suuzon semua.<br><br>Rakyat cina belom divaksin gegara ada tahapannya, hhhhhh.<br><br>Mang nyuntik 2 miliar orang gampang gitu seminggu kelar? Kita aja yg cuma 270 juta butuh bertaon-taon apalagi cina....",0
2021-01-11T06:03:43Z,@nopriyanto8377,@@ulungrinjanidharma8609 saya seorang ahli racun biologi kamu pikir vaksin itu obat penawar ya !!,0
2021-01-11T06:35:10Z,@ulungrinjanidharma8609,"@@nopriyanto8377 wahaha, pake acara ngaku-ngaku ahli biologi pula<br><br>Heiii, heiiiiiiii, kite-kite ini terakhir divaksin. Kecuali kalo ente dah daftar jadi relawan yg disuntik duluan ama pak jokowi. Tinggal wait n see aja kok repot.",1
2021-01-09T01:46:42Z,@Kunti_Bogelll,"Gua takut pak kalo di suntik vaksin eh jadi titan.<br>Kalo jd eren si mending, lah klo jd titan kolosal kan ngeri pak.",0
2021-01-08T17:33:11Z,@blesaudio988,buat yang ada di rumah sakit aja<br>saya gpp ko ga di vaksin juga,0
2021-01-08T15:52:06Z,@yuniarsawal1721,Bu dokter fitri sahabat akuuğŸ˜ğŸ˜ğŸ˜ğŸ˜˜ğŸ˜˜,0
2021-01-08T14:13:01Z,@tatiekklop554,Duit lagi.,0
2021-01-08T12:14:00Z,@wahyuabigodai4462,kalo gak ada yg mau di vaksin matilah aj sana,0
2021-01-08T11:36:33Z,@katoksuwek5250,Apakah vaksin bisa meyembuhkan....????,0
2021-01-09T04:21:37Z,@crazejunior6312,"Vaksin itu mencegah,bukan menyembuhkan",0
2021-01-08T09:34:39Z,@dinamalika1516,masih aja percaya corona melek woy melek,0
2021-01-08T01:04:51Z,@mandatarfanrumakefing4022,"1.Tenaga Kesehatan<br>2.TNI POLRI<br>3.Petugas Publik<br>Itu artinya Jika berhasil Alhamdulillah dan jika tidak berhasil, maka Nauzubillahi<br>Tamatlah Masyarakat tercinta",0
2021-01-08T00:53:33Z,@syaifulbahri5196,Bagi semua dokter Indonesia ini <br>Sudah jujur sja tentang covid ini,0
2021-01-08T00:12:30Z,@onlypsip7619,Bjir gede banget suntikan jarumnya ğŸ˜§ğŸ˜§,0
2021-01-08T00:11:45Z,@onlypsip7619,Yang mau duluan,0
2021-01-07T04:45:19Z,@manusiaaja5884,Kok bisa di surabaya sdh di vaksin duluan ??<br>Bukannya BPOM blm memberi ijin sampai UU darurat vaksinnya keluar ?,0
2021-01-07T05:17:57Z,@Gamibearr,Lah ini yg gw heran.. ada apa ini?,0
2021-01-07T03:32:47Z,@lorenciaadr,"Kalian pernah mikir ngga itu obat kek obat suntik mati, soalnya kemarin ada orang habis divaksin kok tiba tiba meninggal yah ?",0
2021-01-07T00:09:19Z,@ronigreget6810,Kata nya jokowi yg pertama vaksin ..mana bukti nya,0
2021-01-06T19:21:49Z,@MRFROG-xb3cf,Wkwkwkwkwkwkwkwkw  vaksin tetanus .. Wkwkwkwkwkwwkwk,0
2021-01-06T17:47:05Z,@TOXIC-em3jf,"cina nyontoh vaksin dari Jerman, terus cina ngejual nya ke Indonesia. duit cina tergantikan. <br>kita cuma dijadikan bahan percobaan.",6
2021-01-07T15:20:37Z,@pinzonly.,Y,0
2021-01-06T13:50:34Z,@Palembang-sk5zt,Mau membunuh secara perlahan2,0
2021-01-06T13:48:52Z,@Palembang-sk5zt,Yg mau bunuh diri silahkan di vaksin dr cina,0
2021-01-06T13:08:32Z,@ayunierianichannel5564,Yg tidak mau d  vaksin like yg mau d vaksin komen...,100
2021-01-08T16:32:17Z,@agungveneno3567,Bismillah menolak uji coba produk luarğŸ˜Š,2
2021-01-08T19:23:00Z,@mycbg1199,"@Lord Cross emng kalo masyarakat d suntik....korona nya dijamin udahan ya,??",0
2021-01-09T08:58:06Z,@hatotori270,@@mycbg1199 kalo virus gak bermutasi pasti bakal ngaruh besar,0
2021-01-09T12:53:35Z,@mrselow-oq3yd,"Sbner ny klo anggaran utk pasien corona hilang, mka dgn sndri ny corona jg akn hilang dri negeri ini<br><br>Sy jaminnn!!!!",4
2021-01-09T12:57:02Z,@hatotori270,"@@mrselow-oq3yd temen saya gak kerumah sakit, tapi dia ngerasain gejala kaya pasien covid, padahal dia sama sekali gak berurusan sama pihak kesehatan, tapi dia malah kena kovid, kalau kasus kaya gitu gimana ya mas?",0
2021-01-06T13:06:07Z,@heristainarz2881,ya Allah...kami mohon hidayahMu untuk negeri ini...<br>berikan jalanMu yang maha adil...amin.<br>jadikan mukziziatMu untuk mesamaratakan isi sesuatu yang menyentuh umatMu...amin,3
2021-01-06T12:33:13Z,@resaindahmentari6993,Tes mati gak anjim,0
2021-01-06T12:21:58Z,@frianashanyblue7157,Apakah yakin virusnya akan mati atau akan bermutasi menjadi lebih ganas karena dapat melawan dari anti body yg dihasilkan vaksin tsb.,0
2021-01-06T12:03:35Z,@F4dielX,"Wkwkwkwkkw ada yg bayar,,woyyy sudah nyata2 kalian salah gunakan kekuasaan",0
2021-01-06T11:26:43Z,@manzbro,Monggo duluan wkwkkwğŸ˜‚,1
2021-01-06T08:38:37Z,@happyfishing5650,"Ayo buruan, kelar ni negarağŸ¤£ğŸ¤£",0
2021-01-06T08:26:01Z,@cherryungu6558,"kabuuuurrrr,saya gak mau d vaksin.ğŸ˜‚ğŸ˜‚",2
2021-02-19T11:48:32Z,@iffynidya82,Kenapa?ğŸ˜‚ Kemakan hoaks yaa?? Takut mati yaaa??ğŸ˜‚ğŸ˜‚ Masih ada aja orang kek gini,0
2021-01-06T07:24:20Z,@shantylie3005,ğŸ™ğŸ™,0
2021-01-06T05:45:38Z,@cookingmama1624,"Tenaga medis didahulukan ...mana kita tahu apa yang ada dalam kandungan...bisa aja cuma vitamin C nah kita masyarakat yang awam ini harus disuntik dengan vaksin yang sebenarnya...harusnya pemerintah,pejabat dulu,dikawal jutaan masyarakat...kita perwakilan masyarakat yang suntik sampeyan yang terhormat....itu baru adil",0
2021-01-06T03:37:40Z,@sadboy-hr3fy,"Saya tidak mau di vaksin , yang isolasi mandiri lebih efektif menurut saya, saya perantau dan beberapa temen saya sudah terkena covid dg isolasi mandiri 1 minggu sehat jika dan jika salah satu dari kita sudah terkena covid mau bergaul dengan orang yang sedang covid tidak akan ngaruh lagi. salam anak rantau,",1
2021-01-06T03:29:06Z,@Johanprayoga,Pokoknya setelah vaksin ada jaminan hidup normal kmbali,2
2021-01-06T01:45:02Z,@ariefsusanto6435,Aku dan sekeluarga gak akan mau di faksin. Entah apa apa yg di masukan tubuh kita.,13
2021-01-07T01:33:45Z,@sobakso9427,Sama cuk takut gua,0
2021-01-07T02:34:53Z,@bundaesilvina,kata orang hongkong jangan mau di faksin orang dichina aja gak mau pakai dan diberikan ke negara indonesia filiphine jangan mau,0
2021-01-09T14:33:29Z,@user-zw9bt2px2u,Kita semua jgn marah ayo sabarlah Allah maha mengetahui<br>Allah tau siapa hati bersih dan siapa hati kotor,0
2021-01-09T16:10:19Z,@ulungrinjanidharma8609,Masa gw orang yang lagi nunggu jatah di vaksin harus ketularan virus dari elu yang harusnya udah divaksin duluan tapi gak mau.,1
2021-01-09T16:12:24Z,@ulungrinjanidharma8609,Simpelnya ya boleh aja lu nolak vaksin. Tapi lu kudu di kamar kunci pintu dan baru boleh keluar setelah semua orang yang sukarela mau di vaksin telah selesai semua di vaksin.,1
2021-01-05T15:08:14Z,@snihumagnama4391,Virusnya dari China vaksin Nya juga dari China..hmm China,3
2021-01-07T02:35:57Z,@bundaesilvina,kata orang hongkong jangan mau.... di faksin... orang china aja gakmau uji coba di warganya sendiri dan di hk ditolak,0
2021-01-07T03:12:44Z,@update5960,Dan orang China gak mau divaksin,0
2021-01-05T12:45:32Z,@hendrytanzil7481,"Tolong aparat menangkap orang yang menyebar berita bohong tentang vaksin yg disuntikan. Ini sangat merisaukan masyarakat. Sangat membingungkan yang mempermasalahkan halal dan haram. Negara ini kan sudah ada lembaga formal, BPOM.  Yg penting vaksin  bisa menyelamatkan penduduk.",0
2021-01-05T12:32:38Z,@boike_pardede,Semoga vaksinya berhasil<br>Dan kalau ada yg mengcovidkan yg tidak covid semoga segera bermatian,1
2021-01-05T12:24:54Z,@tanaogiwanuakku9378,Saran saya biar masyarakat percaya dgn pemerintah yg pertama divaksin itu bapak presiden dan menteri menteri nya ..selanjutx anggota DPR,0
2021-01-05T15:32:08Z,@rahmaazaria499,Wkwk tp khawatirnya presiden dan menteri mlah di suntik vitamin tp blgnya vaksin,0
2021-01-05T06:02:37Z,@jidanazarudi1620,"AHAHAHA <br>Yang komen pada cepat berharap di suntuk vaksin ,, wooww<br>Amazing",1
2021-01-05T22:54:48Z,@mimamdarmadi4523,hahaha smart people,0
2021-01-06T01:00:23Z,@NiusBJH,ya itu pilihan....,0
2021-01-05T05:43:46Z,@brandonnathanael1596,bukannya jokowi dulu ya yg pertama divaksin?,6
2021-01-07T01:14:46Z,@lutfiyadi5517,Yakin gak yg di vaksin ke jokowi itu asli klo aq gak yakin....,0
2021-01-07T10:19:30Z,@pandroli9186,@@lutfiyadi5517 iyaa betul kita ngga tau itu cairan vaksin beneran atau bukan,0
2021-01-07T15:56:26Z,@muhammadr9542,@@lutfiyadi5517 paling isinya vitamin c bro.ğŸ¤£,0
2021-01-08T11:08:11Z,@ardosaik4080,@@muhammadr9542 njirr,0
2021-01-08T13:53:31Z,@nayyarolla1298,Siapa yang tau itu isinya apa,0
2021-01-05T05:24:03Z,@muhammadadam9457,Org pertama di vaksin siapa ya??,1
2021-01-08T11:08:39Z,@ardosaik4080,Presiden vladmirputin,0
2021-01-05T02:21:23Z,@limmolastpast1994,Bismillah...berprasangka baiklah insyaAllah.<br>Memberi apresiasi niat baik pemerintah melindungi warganya.,3
2021-01-04T23:01:52Z,@amruulla3277,Setelah vaksin Corona pasti berlalu..dan setiap pandemic ada jual beli virus..dan virus yg Indonesia beli dari tiongkok.moga manjur,0
2021-01-04T22:24:11Z,@windianggakusuma3355,"Kok dinas kebersihan ga diprioritaskan vaksin dan apd, padahal petugas sampah paling rentan kena virus. Orang isolasi mandiri sampahnya dibuang ke bak sampah trus diangkut petugas sampah. Petugas sampah lebih hero daripada nakes, dan petugas sampah ga perlu apd lengkap.",0
2021-01-05T02:22:35Z,@blowschou2346,Namanya juga sekenario  hhhhhhh,0
2021-01-05T08:26:12Z,@NittClips,@@blowschou2346 ginini klo selama hidupnya selalu berpikir negatif Mulu dan suuzon mlu hidupnya,0
2021-01-05T08:30:02Z,@NittClips,"Saya trangin yaa mba kenapa nakes diprioritaskan terlebih dahulu yaa karena mereka berjuang di garis depan,one on one berhadapan sama pasien positif corona klo misal para pejuang di garis depan pada ikut sakit yang ngurusin pasien positif Corona siapaaaaa",0
2021-01-05T09:23:03Z,@windianggakusuma3355,"@@NittClips petugas kebersihan sampah jg tiap hari di garda terdepan melawan virus2 penyakit bukan hanya covid, tbc, hiv, dll ada dalam sampah.",0
2021-01-04T17:40:20Z,@ganialdydhany,"Tiongkok pake pfizer (german), sinovac asal tiongkok dipake indon...",2
2021-01-06T12:35:56Z,@GgGg-fq8mv,"Di china banyak penduduk bro... Produk mereka yg cinovac itu tidak memenuhi untuk rakyat china yang sebanyak itu, bisa si bisa tetapi akan lebih lama... Jadi china juga import bro",0
2021-01-06T15:51:19Z,@ganialdydhany,@@GgGg-fq8mv info dr mana?ada link berita nya alasan mereka pake pfizer krn jumlah penduduk?,0
2021-01-07T05:18:46Z,@Gamibearr,Udah2 kalian gausah banyak bacot diem duduk manis kalo perlu bobo aja sana-&#39;,0
2021-01-07T07:30:22Z,@ganialdydhany,@@Gamibearr yee kardus,0
2021-01-04T11:49:11Z,@yopandaaditya6998,Bagaimana pak kalau nanti masyarakat tidak mau menggunakan vaksin tersebut ğŸ™,3
2021-01-08T12:11:42Z,@UmbuYon2022,Denda 5-7jutağŸ˜,0
2021-01-09T05:28:41Z,@revigys,@@UmbuYon2022 kalo vaksin nya belom berhasil gmn? Setiap orang reaksinya beda Â²,0
2021-01-04T11:04:08Z,@sawahbarat4495,Katanya yg pertama kali ...???,0
2021-01-04T05:39:10Z,@KazeKyoshuke,Bismillah founding titan,0
2021-01-04T05:47:38Z,@rian6420,Ternyata dapat nya abnormal,0
2021-01-05T11:17:22Z,@uebdhebeus,mana bisa wkwkwk,0
2021-01-06T20:20:30Z,@gamingjowo8298,Bismillah dajjal titan eren gass gua yang bakal ngewarisin,0
2021-01-04T04:59:03Z,@KikiNugraha786,Back to junior high school.. run deng deng deng deng deng xdd,1
2021-01-04T03:56:30Z,@dendyputra5600,"Berita resmi WHO udah bilang, ada atay tidaknya vaksin tidak akan bisa hentikan pandemi!!",2
2021-01-04T03:14:44Z,@achmadsaiful6003,Pasti sekarang kalian lagi ini :<br>1.tiduran ğŸ˜‚<br>2.mengang HP kanğŸ˜‚<br>3.nonton Vidio sambil baca komenğŸ˜‚<br>4.lagi baca komen ini kanğŸ˜‚<br>5.baca dalam hati kanğŸ˜‚<br>6.pasti jomblo kan ğŸ˜‚<br>Kalo kalian merasa kasih LIKE dong<br>ig: @achmad_rei jgn lupa follow,0
2021-01-04T02:02:39Z,@ippiensalbita4072,"Kalian mau ngotori tubuh kalian dengan vaksin ?<br>Yang bikin aja gk mau pake tu vaksin. <br>Terus emang setelah vaksin gak akan kena covid lg ?<br>Bukankah selama ini bisa sembuh dr covid tanpa vaksin ?<br>Terus ngapain pake vaksin ?<br>Hati2, pikir2 dulu, lihat kenyataan yg ada, jgn kotori tubuh dgn bahan percobaan gak jelas manfaatnya.",0
2021-01-04T05:51:56Z,@rian6420,"Kenyataan yang mana?? Bisa sembuh sendiri tanpa vaksin?? Iyaaa,tapi apakah semua??",0
2021-01-04T06:01:06Z,@ippiensalbita4072,"@@rian6420 emang semua kan ? Kenyataan yg ada. Nah masalah mati gara2 corona, emamg ia mati gegara korona ? Klo mati gegara korona knp yg lain selamat dan lebih banyak yg sembuh justru. Jangan2 mati karena penyakitnya tp kebetulan ada koronanya lalu yg disalahin korona, apa gak kasihan sama koronanya ? Hehe<br><br>Klo orang mati kebetulan dia demam knp gak disalahin demamnya terus knp gak bikin protokol demam juga aja sekalian wkwkw<br><br>Klo corona membahayakan dan nolar cepat maka semua yg demo omni buslow kemaren positif semua dan mampus semua.<br><br>Yg disebut bahaya apa sih ? Terus korona kategori bahaya gak sih ?<br><br>Banyak juga org usia tua dan penyakitan positif korona sembuh.<br><br>Terus dulu pernyataan dokternya corona bikin paru2 rusak, itu aja udh gk bs dipercaya. Nyatanya sehat semua.<br><br>Maaf ya ini saya cuma share pendapat pribadi hehe.<br>Saya berpendapat dgn akal sehat dan sesuai kenyataan yg ada. Terimakasih",0
2021-01-04T06:07:16Z,@rian6420,@@ippiensalbita4072 lu liat data nya darimana?? Share sini data kalo yang sembuh lebih banyak dari yang mati,0
2021-01-04T06:09:38Z,@rian6420,"@@ippiensalbita4072 untuk sekarang termasuk kategori bahaya karna virus baru,sama kek flu<br><br>Dulu flu juga termasuk penyakit yang bebahaya,tapi sekarang biasa aja kan?? Sama kek corona",0
2021-01-04T06:16:21Z,@ippiensalbita4072,"@@rian6420 itu antaranya, lah lu gk lihat kenyataan apa hahaha.<br><br>Klo yg mati lebih banyak jauh, maka org dunia tinggal separuh bro. Dan kalo lu bertuhan maka lu pasti yakin klo tuhan lu gak jahat gk bakal dzolim.<br>Hehe sorry ya bro.",0
2021-01-03T15:53:49Z,@dindun48,Semoga terus ada edukasi ke masyarakat soal vaksin. Bahwa vaksin itu sangat pentingğŸ˜­,1
2021-01-03T15:37:41Z,@campur-campur2813,Semoga cepat divaksin segera...n keadaan cepat normal kembali...amiin,1
2021-01-06T07:33:41Z,@ryanadritama7181,Alhamdulillah nanti akan kembali normal sepenuhnya.....,0
2021-01-12T01:16:53Z,@hiperaktif1292,Bisa jamin normal kembali kah?,0
2021-01-12T01:37:49Z,@ryanadritama7181,@@hiperaktif1292 bisa.....,0
2021-01-12T02:11:47Z,@campur-campur2813,@@hiperaktif1292 buzzer oon lu...u orang beragama atau PKI? Dasar kadrun lo.ğŸ˜ ğŸ˜ ğŸ˜ ğŸ˜ ğŸ˜ ,0
2021-01-03T15:01:58Z,@kirikaze4285,"Seharusnya president,mentri Dan dpr yg pertama buat contoh ke rakyat. Malu lah diluar Aja para pemimpinnya yg pertama buat buktikan vaksin itu aman",0
2021-01-03T15:51:00Z,@ikabagus1024,Apakah sudah ada jadwal vaksinasi Nasional? Tayangan CNN kan hanya menjelaskan vaksinasi tahap pertama jan-april 2021. Yg ditayangkan juga itu bukan program vaksinasi nasional. Dipahami lg inti dr berita yg ditampilkan,0
2021-01-03T15:00:13Z,@rappokalling1,Silahkan yg mau duluan. Saya mo tidur dulu,8
2021-01-12T16:20:00Z,@nurulhikmah50,ğŸ˜€ğŸ˜€ğŸ˜€,0
2021-01-03T14:56:17Z,@mekimekimek,Ini masih uji coba apakah sudah benar2 efektif?,5
2021-01-03T14:38:19Z,@rendradeprichannel8033,Allhmdllh lancar jaya wkwkwkw,0
2021-01-03T14:17:38Z,@tod9854,"Vaksin buatan cina, wkwkw nanti jadi robot cina",1
2021-01-03T13:36:54Z,@dewiellariana7641,Alhamdulillah ğŸ¤² semoga saya cepat dapat giliranâ˜ºï¸,0
2021-01-03T13:07:10Z,@Jombloisme,Njiir gede bener jarumnya ğŸ˜‚ğŸ˜‚gk ngeri vaksinnyaya tp gua. Takut harumnya,8
2021-02-10T18:44:57Z,@createdbyrifaulissa7906,Sama ğŸ˜‚,0
2021-01-03T12:38:28Z,@pandemiilmu2063,"Silahkan tenaga kesehatan dulu sesuai rencana, yang lain siap antrian.",1
2021-01-03T11:39:49Z,@kokomikail2196,Kok orang-orang pada mikir vaksin bikin orang jadi raksasa?,0
2021-01-04T05:52:42Z,@rian6420,Itu candaan bro,0
2021-01-03T11:34:02Z,@simonmatualaga1319,Bukannya GRATIS KOK MASIH ADA YG BAYARRRRR!!!,0
2021-01-03T07:46:17Z,@tomas78947,Selamat menjadi kelinci percobaan,0
2021-01-03T06:54:25Z,@rudijl158,Repotnya yg tdk punya HP.,1
2021-01-03T04:27:42Z,@edibarat8714,"Pelaksanaan vaksinasi hrs: matang,akurat,profesional,hati&quot;, storage yg benar sd penyuntikan.Amin",6
2021-01-02T23:32:57Z,@ardianzyaderku8357,Covid gk berbahaya kyak yg di britan media<br><br>Krma gk bsa slah tmpt,0
2021-01-02T21:06:02Z,@twmda5068,.. ..x.... EndÂ Â COVID-19 â€¦ Now.,0
2021-01-02T15:49:03Z,@allil87,Lockdowns are not working and they knew it... They are lying about everything.<br>their plan is to push us on our knees economically so they can force us into a fascist regime. starting with mandatory vaccines. This is power grabbing. People need to start realise that and stick up for their rights nobody will do that for you.,0
2021-01-02T14:37:25Z,@belomtrending21,"gih sana di vaksin mumpung .gratis .dapet dri utangan ,ğŸ¤£ğŸ¤£ğŸ¤£",1
2021-01-03T17:39:35Z,@farhanefendy7015,Komen aja lu tong.. <br>Terimakasih napa lu<br>Nanti disuruh beli.. koar2 tu mulut,1
2021-01-03T17:47:58Z,@belomtrending21,@@farhanefendy7015 qnti gw pakde .kok lo bnyak bacot,0
2021-01-06T19:59:03Z,@farhanefendy7015,@@belomtrending21 lah lu yang bacot...<br>Gak berguna buat negara aja.. pakek nyindir nyindir.. meskipun dapet utang buat vaksin.. kenapa emang..,0
2021-01-06T22:22:47Z,@matauangkripto4712,@@farhanefendy7015 gratis tp dari utangan . bayarnya lewat pajak + bunga yang berbunga. wkwkw,0
2021-01-02T14:18:32Z,@user-zw9bt2px2u,Orang yg punya niat baik untuk berhati bersih<br>tdk akan gelisah<br>hdup ini apallg akalny bersih oi sungguh indah tenteram paham gk,4
2021-01-02T12:21:54Z,@risnaldidarusman4018,"mana ni pak presiden...? katanya mau duluan di vaksin, kok malah petugas medis dulu yang di vaksin........ omongan pak presiden tidak bisa di pegang.... kalau seperti ini, saya TIDAK MAU DI VAKSIN",0
2021-01-02T11:52:02Z,@rehatsejenakyt7706,pemerintah dlu yg d beri vaksin..merekakan sering ke luar kota.,0
2021-01-03T13:00:58Z,@berryiibey,"Saya dulu gpp ,,",0
2021-01-02T10:46:12Z,@alfi-il7be,"semoga nakes,tni, polri sehat selalu. tidak ada efek samping apa2ğŸ™",3
2021-01-02T10:41:50Z,@nomad1007,Alhamdulillah semoga cepat berlalu covid19,1
2021-01-02T09:42:26Z,@azorazakky5873,"Bismillah, semoga sinovac gak membawa petaka",2
2021-01-10T12:20:16Z,@dellaolivia1,Aamiin,0
2021-01-02T09:34:13Z,@kevinrinor,"<a href=""https://www.youtube.com/watch?v=BRoifSCl_nk&amp;t=52"">0:52</a> maksud dia apa ya keluar statement beberapa perlu bayar ?",0
2021-01-02T09:30:44Z,@anangprasetyo139,Mana katanya presiden dulu ya di vaksin???? Duhhh dekkkk ğŸ˜€ğŸ˜€ww,0
2021-01-03T14:26:35Z,@fitrikhaerani9826,takut keknya wkwk,0
2021-01-02T09:30:00Z,@dermawan6461,"<b>INDONESIA NEGARA DEMOKRASI, SETIAP WARGA NEGARA BERHAK BERBICARA</b><br><b>SAYA ORANG MISKIN,LAYAR HP AJA RETAK,TAPI ANDAIKAN SAYA DIBAYAR 1 MILLIAR UNTUK DIVAKSIN,LEBIH BAIK SAYA TOLAK KARENA SAYA MASIH SAYANG SAMA NYAWA DAN GAK MAU KENA PENYAKIT DIMASA YANG AKAN DATANG</b><br><b>YANG MAU DIVAKSIN,SILAHKAN</b><br><b>SETIAP YANG KITA LAKUKAN DIDUNIA INI PASTI ADA RESIKONYA</b>",1
2021-01-03T02:21:44Z,@user-eqst007,"sebenarnya masalahnya yg fanatik vaksin=normal,klo banyak yg begitu sampai mayoritas udh bisa jadi pasukan penghakiman org yg menolak vaksin,org org tsb sangat berbahaya.pdhl kalau mau normal ya tinggal berubah dari diri dan lingkungan dan tidak ikut andil dlm bisnis ini.",1
2021-01-03T17:28:30Z,@rahmatmaulana6406,Setujuuuuuu,1
2021-01-02T09:27:46Z,@CakMaryono,Yang ingin ngetes NIK nya ada di sms maupun di web berarti kita satu server,0
2021-01-02T09:27:15Z,@tiarasunara6321,Seharus nya pemimpin dulu yang pertama;v Trus di liatin ke publik,0
2021-01-03T13:01:14Z,@berryiibey,Saya dulu gpp ko,0
2021-01-02T09:21:32Z,@busairirachman7021,"Boleh gak saya gak disuntik dulu ??? Saya mau lihat hasilnya 5 tahun lagi,<br>Lagian saya takut jarum suntik..",6
2021-01-03T13:00:01Z,@berryiibey,"Ga usah ,,biar cepat mati",1
2021-01-03T15:11:49Z,@busairirachman7021,"@@berryiibey gak apa2 dah, biar cuma kamu yg hidup..",0
2021-01-04T05:43:42Z,@rian6420,@fophin liau ga menjamin tapi menambah kemungkinan,0
2021-01-04T13:08:50Z,@kelvinsmith9700,"Klo ga mau d vaksin, tlong ga usa ribut cekal sana sini.. vaksin ga wajib jadi kalem aj.",0
2021-01-05T06:13:16Z,@razifmuchyin4045,Ada 3 jubir ke deteksi bro di kolom komentar mu,0
2021-01-02T09:21:03Z,@yunia1663,"Waah aku sih masih ragu2,,,,gimana nih",0
2021-01-06T00:56:47Z,@NiusBJH,tidak apa apa... tidak wajib ko,0
2021-01-02T09:20:27Z,@sahabatgnsngawi5464,Trus DPR MPR yg musti di vaksin,2
2021-01-02T09:19:50Z,@sahabatgnsngawi5464,Udah dokternya aja....klo dokter sakit ....kn GK ada yg nyuntik.,0
2021-01-06T15:59:30Z,@zazax6678,Tapi kalo kamu sakit jangan dibawa ke rumah sakit bawa aja ke dukun,1
2021-01-06T17:24:33Z,@sahabatgnsngawi5464,@@zazax6678 ya smoga Allah mengangkat penyakitku dan Allah memberikan ke kamu amin amin ya rob.tunggu aja.wasalamualaikum wr wb.,0
2021-01-02T09:16:53Z,@thekingkungs4518,Katanya presiden yg pertama kali divaksin?,4
2021-01-03T15:45:50Z,@ikabagus1024,"Itu tayangan aja gaes, vaksinasi nasional kan belom dimulai. Masih nunggu ijin BPOM",0
2021-01-04T13:35:22Z,@busairirachman7021,"Sdh ada berita di TV, presiden tidak termasuk dalam org yg terima vaksin gelombang pertama..<br>ğŸ˜‚ğŸ¤£ğŸ˜‚ğŸ¤£ğŸ˜‚ğŸ¤£ğŸ˜‚",0
2021-01-06T00:58:43Z,@NiusBJH,kan katanya,0
2021-01-02T09:09:20Z,@adhinegoro7144,Guys kalo mau vaksin yg aman itu yg Pfizer dari jerman jangan mau yg sinovac yg dr china belum tentu aman,3
2021-01-03T08:26:53Z,@afrizalzamaludin6993,ada kabar/literasi yg valid?,1
2021-01-03T11:44:15Z,@simonmatualaga1319,Kasi data dan info yg jelas,0
2021-01-03T13:45:15Z,@kirukbalgar,Britanya Pfizer memakan korban ğŸ—¿,0
2021-01-03T15:30:46Z,@simonmatualaga1319,@@kirukbalgar kasi info nya bro,0
2021-01-03T15:41:12Z,@kirukbalgar,@@simonmatualaga1319 cari aja browsing pfizer dan alergi. Bahkan di berita detik ada lagi muncul yg baru,0
2021-01-02T09:09:08Z,@aderatnawati1532,TUHAN berkahi lah vaksin ini agar indonesia bisa kembali normal agar masyarakt bisa hidup dan bekerja sperti biasa (amin)doa terbaik bwt bangsa Kita NKRI tercinta,63
2021-01-03T17:37:43Z,@farhanefendy7015,Amin.. ini komen cerdas,2
2021-01-04T06:48:44Z,@aansyaefudin1153,Amiin..,1
2021-01-05T02:56:35Z,@floweringheart1617,Aamiin,1
2021-01-06T00:47:22Z,@NiusBJH,iya Aamiin.. tak apalah divaksin asal nanti kegiatan dan kehidupan normal kembali seperti sebelum adanya Covid...,1
2021-01-06T07:06:54Z,@manshurintutorial,amiin,1
2021-01-02T09:04:30Z,@erwinsuhardiman3599,Bagaimana dengan notaris ppat sbg pelayan publik?,0
2021-01-02T08:58:43Z,@hizkia6292,TOLONG LAH KAMI BAPAK KPK DAN BAPAK PRESIDEN JOKOWI..... . KAMI TIDAK PUNYA CARA UNTUK MEMBELA HAK KAMI. TOLONG LAH KAMI BAPAK KPK DAN BAPAK PRESIDEN JOKOWI.......,0
2021-01-02T08:58:27Z,@sriwulandari543,Masih rame toh britanya. Di sini udah ayem2 aja,1
2021-01-02T08:57:16Z,@children1tahunyanglalu68,"Saya mau di vaksin tapi gk mau jadi vaksin percobaan, saya mau liat dulu kalo aman dan efek nya bagus saya diap",0
2021-01-02T15:55:33Z,@aelissa39,Sekitar 5-10 tahun lagi berarti,0
2021-01-02T08:57:06Z,@hizkia6292,SELAMAT HARI ANTI KORUPSI SEDUNIA. TOLONG TANGKAP PETINGGI PT WASKITA KARYA. ADA KORUPSI ANGGARAN GANTI RUGI LAHAN MASYARAKAT. DALAM PEMBAGUNAN JALAN TOL PELABUHAN KUALA TANJUNG DI KAB BATU BARA SUMATERA UTARA. GANTI RUGI LAHAN HANYA 75 RIBU PER METER. TOLONG LAH KAMI BAPAK KPK DAN BAPAK PRESIDEN JOKOWI......,1
2021-01-02T08:50:35Z,@jirk436,Yg menentang vaksin ga usah banyak omong.. gpp koq banyak yg mau duluan di vaksin.. kita percaya pemerintah.. krn butuh 3 tahun untuk bisa vaksin 70% penduduk indonesia.. kalian yg ga mau gpp 4 tahun lagi aja... jgn munafik yee.. ujungnya vaksin juga wkwkwk,0
2021-01-04T05:56:49Z,@rian6420,"Yoi bro,banyak yg munafik,pada nyalahin  pemerintah eh giliran ada musibah nunggu bantuan dari pemerintah",0
2021-01-02T08:47:43Z,@efekrumahkaca1652,"COVID -19 (Tidak Diketahui) ??WHO (Tidak Diketahui )?? VAKSIN (Tidak Diketahui)??<br>Ada yang sependapat , harus di publikasikan mulai cara kerja covid 19 dan vaksin nya itu secara detail . Jangan sampai kayak di film2 uji lab nya sama hewan bukan sama manusia , bisa2 semua pada jadi zombie ğŸ˜Š. dan saya masih mikir ini bencana buatan manusia (nuklir) berbasis teknologi. Ini seperti nya pe rsiapan perang negara antar negara , berlomba2 mengumpulkan sumber daya , ada yang di untungkan dan yang di rugikan . <br><br>Pasti kalian pada bingung kan mana org yang benar dan mana yang salah . Mana teman dan mana musuh . Mana kawan dan mana lawan . Dan pastinya menimbulkan rasa benci atau marah . <br><br>Kalian mau tau zona aman di dunia itu adalah MESJID . Hanya Allah SWT yang bisa membantumu . &quot;Sesungguhnya ALLAH SWT maha mengetahui apa yang tidak kamu ketahui&quot; . <br><br>Hanya ALLAH SWT sebaik2nya adalah penolongmu .<br><br>Jangan percaya dgn kata2&quot; JEJAK DIGITAL &quot;krn DUNIA DIGITAL itu DUNIA VIRTUAL , coba renungkan waktu anda pasti banyak terbuang kan .<br><br>Renungkan !!!",1
2021-01-02T09:11:19Z,@cvnsjs,Iya pegang hp semenit eh udah 10 menit,0
2021-01-02T08:44:48Z,@ariefrava6490,Kadrun dan pengikutnya ngk usah di vaksin,1
2021-01-02T08:50:29Z,@eliyaajah,iya... para cebong aja.... nanti abis di vaksin .... semoga matinya gak penasaran....,1
2021-01-02T11:17:30Z,@ariefrava6490,"@@eliyaajah kadrun ngk usah di vaksin bikin repot aja,uda jdi sampah nkri selalu nyusahin,biar pada musna semua,nkri damai tanpa kehadiran kadrun ğŸ˜€",0
2021-01-03T02:29:30Z,@user-eqst007,"buatmu saja,fanatik,ga perlu bilang ham ya STLH ini,kalo ada masalah di vaksinnya.",0
2021-01-03T14:32:44Z,@fitrikhaerani9826,"iyee ydh buat kalian aja para cebong, kita mah ikhlas klo kalian mati dluan.",0
2021-01-02T08:44:46Z,@Delapansatuchanel,"<b>Insyaallah virus corrona di Indonesia hilang,ada virus tentu ada vaksinya</b>",3
2021-01-02T12:15:47Z,@listrik2789,@@isanonymousedead sumber grup WA Y BROğŸ¤£ğŸ¤£,0
2021-01-02T12:19:31Z,@isanonymousedead,@@listrik2789 bukan,0
2021-01-02T15:52:04Z,@Delapansatuchanel,"@@isanonymousedead <b>tdk usah berlebihan kak, pemikiran kamu tdk sesuai dgn keadaan km mf ya</b>",0
2021-01-02T15:52:48Z,@Delapansatuchanel,"@@isanonymousedead <b>namanya jg insyaallah kak,berdoalah dan berusaha tdk salahkan?</b>",0
2021-01-05T02:19:14Z,@blowschou2346,"Virus SARS ,HIV juga gk kalah mematikan mana vaksinya????",0
2021-01-02T08:36:59Z,@muktiaris6569,Vaksin gratis dari pemerintah.  Ga bayar.,0
2021-01-02T08:35:27Z,@taufikfendy6831,gw sama nakes lain yang di luar kota pada jujur juran masih ada rasa takut karna masih ada efek samping,1
2021-01-02T10:44:13Z,@alfi-il7be,"semoga diberi kelancaran y,semoga tidak ada efek apa2,sehat selaluğŸ™",0
2021-01-06T01:01:31Z,@NiusBJH,ya udh coba aja biar rasa takut nya hilang...,0
2021-01-02T08:34:01Z,@akmaludin673,Coba siarkan kapan jokowi dan para jajarannya d vaksin..,0
2021-01-02T08:32:52Z,@shabetaali9148,MANA YANG KATANYA MAU DI VAKSIN DULUAN.... CUMA OMONG DOANG...JKW KOK SEMAKIN HOBI HOAX YA.....,1
2021-01-02T08:56:54Z,@rennieayudyapasha3671,Org&quot; yg di suntik di video ini bukan penerima vaksin pertama. Tp tes rapid. Wong bru januari kuartal ke dua kok mulai vaksinny. Screening penerima vaksin jg br di mulai. Congormu gk punya adab,0
2021-01-02T09:26:03Z,@shabetaali9148,@@rennieayudyapasha3671 iyeeeee yg pernah dapet nasi bungkus marah.....,0
2021-01-02T10:00:42Z,@rennieayudyapasha3671,@@shabetaali9148 sorry gw bukan golongan kyk kaun lo. Demi nasbung mw panas&quot; an demo... Najis dhhh.,0
2021-01-03T14:29:06Z,@fitrikhaerani9826,takut mati dluan keknya haha,0
2021-01-02T08:30:34Z,@mahfulhadi9304,Mari Kita Dukung Vaksinasi Cocid.19,0
2021-01-02T08:27:41Z,@good_day76,"Entah apapun kabar beredar...   semangat juang teruntuk nakes dan masyarakat indonesia, kita semua adalah pejuang dan kita adalah pahlawan, ya ALLAH SWT selesaikan semua masalah ini dengan cara-MU, Amin.",0
2021-01-02T08:24:24Z,@z.addimaky9566,"ANGEL MEN KANDANANE, gue baca ENJEL MEN.. ğŸ˜",0
2021-01-02T16:20:13Z,@tini9397,ğŸ˜‚ğŸ˜‚ğŸ˜‚,0
2021-01-02T08:23:01Z,@bolanggendons4900,Klo bayar ya curang.. Ga usah di Britain vaksin&quot;,1
2021-01-02T08:22:38Z,@Kakakcantik-vv1md,Dan yg membuat aneh knapa kok ad undang2 segal bahwa orang yg gk mau di vaksin kena denda 5jt hellow ada apa di balik semua itu. Mestinya bila orang yg di vaksin gk mau tinggl di kasih kan ke orang yg lain beres,0
2021-01-02T16:00:56Z,@aelissa39,"Karena sudah tahu moralnya orang Indonesia kebanyakan adalah berbuat baik kalau ada hukuman/penaltinya. Kalau cuma modal â€œkebaikan bersamaâ€, banyaknya mah gak gerak.",1
2021-01-02T08:21:56Z,@andijkt7892,Aku bersedia duluan d vaksin klo d suruh ğŸ˜€biar buktikan vaksin nya aman...aku ingin sehat â¤ï¸,2
2021-01-02T12:14:16Z,@isanonymousedead,@Dark yg ada malah memperparah,0
2021-01-04T13:10:15Z,@kelvinsmith9700,@Dark salah info km bro. Ayo dipelajari lagi tentang vaksin,0
2021-01-02T08:21:39Z,@xiips3_32_putubagusdevaram5,Vaksinnya gratis kan ?,0
2021-01-02T09:06:58Z,@cvnsjs,Suktiknya bayar,0
2021-01-02T08:21:16Z,@Kakakcantik-vv1md,Kpna slalu rakyat yg jadi kelinci percobaan cobak orang no 1 di indonesa sama jajaran nya duluan ah,4
2021-01-02T08:42:20Z,@Eru-,"Tenaga kesehatan uda divaksin duluan tapi beritanya nga viral, jadi wajar masih banyak yang belum tahu",0
2021-01-02T13:24:51Z,@grawar1,ridwan kamil udah vaksin tuh,0
2021-01-02T15:57:52Z,@aelissa39,"Uji klinis obat maupun vaksin memang harus pada manusia. Nanti kalau uji coba hanya pada tikus, kalian protes koq disamakan dg tikus ğŸ˜… jadinya mau diujicobakan ke mana dong?",1
2021-01-03T13:30:56Z,@ilhamrj2599,"@@grawar1 ridwan kamil bukan vaksin versi final... tp bagian uji coba. Belum tentu vaksin, bisa jadi dia kebagian placebo doank.",0
2021-01-03T15:55:27Z,@grawar1,@@ilhamrj2599 itu vaksin dia bagian dari clinical trial fase 3 yaitu produk final,0
2021-01-02T08:21:06Z,@bolanggendons4900,Di oplos sama air infus biar rata se Indonesia... Jngn ngabisin duwit bnyak seneng yg korupsi entar,1
2021-01-02T08:45:51Z,@zonaarv,Ngakak gs bro ğŸ˜€ğŸ˜‚,0
2021-01-02T08:57:07Z,@bolanggendons4900,@@zonaarv hhhh,0
2021-01-02T08:19:11Z,@muhammadmuadz782,Katanya jokowi dluan mana. Aduuh negri gila,4
2021-01-02T08:16:22Z,@ganteng2866,Bismillah colosal titan,4
2021-01-02T12:11:14Z,@isanonymousedead,Mksdny gmn kk mhon d jwb,1
2021-01-02T13:45:15Z,@Riman204,"Aamiin, sama mba saya jg",0
2021-01-02T08:15:58Z,@ikhsanrizkiillahi8106,"Ntar yg di vaksin mati, masukin ke daftar yg kena covid ya om om pemerintah biar dana nya lebih banyak lagi :)",0
2021-01-02T08:15:56Z,@eto6071,Cepat Sehat Indonesia,1
2021-01-02T08:03:10Z,@yosukerechain2000,Mdhn kopit cepat berlalu....,0
2021-01-02T08:02:34Z,@ff-cx5hz,Monggo duluan....,0
2021-01-02T08:02:25Z,@bangdon5226,PEMERINTAH DULU DONG HAHAHAHA,13
2021-01-04T05:45:20Z,@rian6420,"@Hmmm Hmmm biasa bro,bisanya bacot doang",1
2021-01-04T13:07:50Z,@kelvinsmith9700,Lu mah ga btuh vaksin covid bro. Lu btuh vaksin anti bego. Ud kritis lu.,1
2021-01-02T07:58:50Z,@rahmatnurridlah2080,"Klo ulama dah bilang halal br deh gw mau,, gw ja belum lihat Pak Jokowi dluan,,apa ada penyakit bawaan?makanya belum di vaksin. Wakil2 yg lain ja belum dluan..kmna wakil2 rakyatnya ya..apa sama ada penyakit bawaan makanya pd belum.",2
2021-01-02T09:48:55Z,@rahmatnurridlah2080,"@CYXXX kan nunggu kapasitas halal gknya,,maaf ya klo ngerasa muslim wajib.",0
2021-01-02T12:56:23Z,@rahmatnurridlah2080,@CYXXX ow begitu toh..apa semua dokter dah di vaksin?,0
2021-01-02T13:04:50Z,@rahmatnurridlah2080,"@CYXXX mau makanan mau minuman mau obat,,namany jg klo sdh haram masa dikasiin..kumaha atuh..klo gw sih ogah klo masih blm tahu halalnya. Nunggu presiden dlu di vaksin. Orang dia sndri yg bilang orang paling utama di vaksin itu dia. Bkn nyingung atau kritik ya. Inget janji ya laksanakan. Jgn bisa ngomongnya doang.",0
2021-01-02T16:06:19Z,@aelissa39,"Bukankah dalam keadaan darurat, maka yang haram pun boleh dikonsumsi demi menunjang kehidupan?",1
2021-01-02T16:59:14Z,@rahmatnurridlah2080,"@@aelissa39 yah betul nona,,ni kn menurut saya ja,, klo saya msh menunggu presiden,DPR, ketua rakyat dluan dah vaksin baru deh saya ikut vaksin ya mudah2an msh belum ada penyakit bawaan. lg pula vaksin tersebut msh belum boleh untuk yg punya bawaan penyakit.",0
2021-01-02T07:57:39Z,@nursurahmat2964,Bagus,0
2021-01-02T07:57:16Z,@khudzaifahzahwa8049,Selamat ya.. vaksin nya laku di beli indonesia...good job RRC... Kerja sama yg baik.. <br>Hay komunis.... Selamat datang di negeri tipu tipu..ğŸ˜ğŸ˜ğŸ˜,2
2021-01-02T07:56:23Z,@AbdulAziz-kj4fq,setor nyowo,0
2021-01-02T08:35:00Z,@sricute6364,Istigfar brooo....,0
2021-01-02T07:55:22Z,@andrirputra9717,"Kenapa tidak dpr, mpr, sama presiden dan pejabat daerah ? Kan klo pejabat semua sehat masyarakat akan sehat juga..<br>Ahhhh mitos lah. Pejabat juga takut tp kenapa rakyat dulu ..",2
2021-01-02T08:19:08Z,@nightknight5885,"Dengar baik2 narasinya, siapa yg diprioritaskan untuk penerima vaksin,, dan fikirkan sendiri, knapa..<br><br>Jgn nyinyir mulu.. <br><br>Nanti klo pejabat duluan di vaksin, dinyinyirin lg, &quot;pejabat mementingkan diri sendiri, rakyat belakangan...&quot; Atau katain pemerintah, &quot;rezim dzolim&quot; ğŸ˜‚ğŸ˜‚<br><br>Dasar kadrun",0
2021-01-02T07:55:20Z,@alkatiribab2827,Tunggu efeknya ..<br>Kalo dalam 1 bulan ke depan aman ..<br>Berarti tuh vaksin memang aman ..<br>Kalo dalam beberapa waktu kedepan ada apaÂ² berarti anjim,7
2021-01-02T09:06:03Z,@cvnsjs,Eleh kalau ada apa2 pun korban di beritakan terkena kopid,0
2021-01-02T10:32:32Z,@aryekoprasetyo6688,"Kalo ada apa2, kira2 di publish gak y? Wkwkwkwk",0
2021-01-03T22:45:22Z,@cvnsjs,@Hmmm Hmmm ga usah jelasin gw pun baca titik ujung doangs,0
2021-01-04T01:16:20Z,@m.fakhririzkyp.9165,Mana video bpk jokowi mo divaksin. Proses vaksinansi dah mulai video bpk jokowi nya bkum ada gmn nih?,1
2021-01-04T13:06:55Z,@kelvinsmith9700,"@@m.fakhririzkyp.9165 klo ente ga mau d vaksin, diam saja.. kalem.. karena pemerintah ga mewajibkan utk vaksin.",0
2021-01-02T07:54:12Z,@alkatiribab2827,"Katanya Joko mau jadi orang pertama di vaksin ..<br>Ngapusiiiiiiiiiiiiiii ...<br>Ga mungkin Joko di vaksin duluan ,, lebih baik yg lain di vaksin duluan ,, jadi kalo yg di vaksin mati di Joko aman karna dia belom di vaksin",7
2021-01-02T08:32:15Z,@sricute6364,Joko joko joko...emangnya buapakmuuuu...manggil presiden kok g ada attitudenya....,0
2021-01-02T08:38:26Z,@yayasurya959,"yang di utamakan tenaga kesehatan,",1
2021-01-02T12:06:36Z,@animesongsandcompilation4410,Beliau klo ga salah bilang akan suntik pertama kali klo ga salah loh ya..cmiiw,1
2021-01-02T07:49:10Z,@wonderfulfishing5015,Alhamdulillah dapat vaksinasi krna bkerja di rmh sakit dan gratis,5
2021-01-12T16:00:48Z,@isyafiraaa,Yg di rasakan setelah vaksin apa ?,0
2021-01-12T23:40:25Z,@wonderfulfishing5015,"Mhon mff saya blom di vaksin nunggu bpom dan mui dlu, saya calon penerima vaksin cloter pertama, saya siap divaksin dan jangan lupa terapkan selalu 3M, dan patuhi protokol kesehatan..",0
2021-01-02T07:48:27Z,@hardiyanzain2856,wkwkwkwkwk ngakak,0
2021-01-02T07:48:01Z,@westellogaming8183,Gratis bos vaksin jangan ada bayaranya,0
2021-01-02T07:46:43Z,@darmantopekingsejdw7776,Penyakit dari cina.<br>Faksin dari cina.<br>Negara Indonesia di kibulin cina.<br>Miris miris.,5
2021-01-02T08:00:16Z,@nambelas,Sok tau. sok tau. sok tau. Kadrun kadrun.,0
2021-01-02T08:12:22Z,@dediabdulah2442,@@nambelas haha kafir kepanasan ğŸ˜‚ğŸ˜‚,1
2021-01-02T08:37:13Z,@maulanamay4762,ğŸ˜‚ğŸ˜‚ paling si mata sipit itu,0
2021-01-02T08:54:51Z,@nambelas,@@dediabdulah2442 So pasti banyak kadrun kadrun sinting di topik begini. Ap lg ormasnya ud dibubarin jd nganggur.,0
2021-01-02T09:05:23Z,@eliyaajah,@@nambelas <br>Mending sok tau.... daripada sok gak tau...padahal dongok.... apa hubungan ama kadrun.... dongok,0
2021-01-02T07:45:52Z,@auraaura2300,Di jamin/terjaminkah,0
2021-01-02T07:44:59Z,@natatrading7807,Aku mau di vaksin,1
2021-01-08T00:13:13Z,@onlypsip7619,Lu mau aku ogah,0
2021-01-08T00:13:35Z,@onlypsip7619,Aku masih ragu dengan vaksin itu aman apa nggak?,0
2021-01-02T07:42:35Z,@wangeblek6505,Ditunggu video matinya bro..wkwkwkw,0
2021-01-02T07:42:03Z,@muttaqintea6241,Semoga dana covid 19 cepat habis dan Corona pun hilang,26
2021-01-02T13:00:07Z,@ngalorngidul3961,Semoga ngga dikorupsi juga kaya bansos.ğŸ™,3
2021-01-02T13:23:48Z,@canarycampusbirdfarmagenkenari,Semoga gk pake banyak stimulus yg nyasar,1
2021-01-02T13:42:31Z,@Riman204,Semoga jadi colosal titan,0
2021-01-03T11:42:30Z,@me-arc8348,"@@Riman204 nicee, gw pen jadi attack Titan",0
2021-01-03T14:56:55Z,@mahesajenarmahesa3366,"Ya, kalau sudah habis, Corona akan langsung hilang",0
2021-01-02T07:39:43Z,@wayanchannelpowerofawoman3216,awal datangnya penyakit ini di tahun 2020 dari wuhan china..laaaaa sekarang beli vaksin dari china apa dari mana itu???pruduck dari china ada beberapa yg meragukan..kok berani beli obat jauh2..opo indonesia iki ga ono dokter yg mumpuni???adech,2
2021-01-02T08:08:21Z,@yondaime9758,Sementara di Cina aja ga di vaksin dia jualan obatnya aja ğŸ˜…,0
2021-01-02T13:17:13Z,@wayanchannelpowerofawoman3216,@@yondaime9758 la itu..ingat aja imfort beras ternyata plastik yg di masak..hp bnyk yg abal abal..maaf ini ga berniat untuk propokasi tetapi coba ditinjau kembali ga usah grasah grusuh..kesusu marai kleru to..iki wes tertulis di masing2 kitab suci bakal ada bencana berupa virus..untuk intropeksi diri bersemedi selama masa covid..jika waktunya mati..mbok di vaksinpun pasti bakalle yo mati..cm berusaha jaga kesehatan dan jaga kebersihan fisik dan hati..kayaknya dah cukup..vaksin kl gratis ok lah..kl harus beli dah mahal belum tentu tetap hidup..test covid mahal..vaksin mahal dimasa sulit makan susah kok  mikir vaksin..alamak,0
2021-01-03T04:25:57Z,@æˆ‘çˆ±ä¸­å›½-m1u,"ngak ada yg paksa anda suntik vaksin sinovac...mau suntik ya suntik, ngak suntik juga terserah kamu...tapi kalau ngomong jangan sembarangan...mengapa indonesia sendiri gak mampu bikin vaksin...",0
2021-01-03T07:20:52Z,@wayanchannelpowerofawoman3216,@@æˆ‘çˆ±ä¸­å›½-m1u ğŸ˜†ğŸ˜†itu urusan tukang buat obat bu..kami sendiri resah karena harus membeli vaksin sementara untuk makan saja sdh mulai sulit di masa pandemi ini tidak bisa keluar rumah..saya bicara apa yang nyata saja,0
2021-01-04T11:29:41Z,@tgrtgr_hry4037,@@æˆ‘çˆ±ä¸­å›½-m1u karna virus dan vaksinnya berasal dr china. Jd bukan bidangnya Indonesia buat virus dan vaksinnya.,0
2021-01-02T07:39:04Z,@nafisahkhayla1258,Tau sndri produk cina,1
2021-01-03T16:21:31Z,@riyanferdianto9791,Emank knpa?,0
2021-01-02T07:35:09Z,@rawinkknoch8052,di negara luar aja nolak di vaksin..,0
2021-01-02T08:04:04Z,@yondaime9758,Iya kaya pembodohan,0
2021-01-02T15:59:35Z,@aelissa39,Negara yang mana? Bukannya pada berlomba-lomba vaksin?,1
2021-01-03T18:26:56Z,@saepullkanta5215,Telat... negara lain sudah pada vaksin,0
2021-01-02T07:33:24Z,@jusufhaurissa,Sy mau vaksin duluan ğŸ‘,1
2021-01-02T07:28:21Z,@kakawiba4965,Menunggu suntikan dana.,0
2021-01-02T07:27:58Z,@Naimnavy154,Bnr2 aman gak tuh vaksin.sdh dpt ijin lom dr Farmasi indonesia,3
2021-01-03T17:38:57Z,@farhanefendy7015,Kalau gak aman gak mungkin disuntikkan Bambang.. logika dong,3
2021-01-04T13:04:55Z,@kelvinsmith9700,Pertanyaan aneh,1
2021-01-06T00:58:25Z,@NiusBJH,"sudah sama biofarma Indonesia di Bandung, kan nyimpen nya juga disana",0
2021-01-02T07:27:37Z,@anggapratamafebri3726,Gua mh insya Allah gak mau.. karna gua alhamdulilah sehat,10
2021-01-02T07:55:22Z,@suryah999,"Oh gt. Mungkin yg na sehat akalnya mas. Ini vaksin, bukan obat. Vaksin buat menangkal, bukan berarti mas nya sehat trus g divaksin.",1
2021-01-02T07:59:02Z,@dediabdulah2442,@@suryah999 kamu sudah di vaksin kah?,1
2021-01-02T08:11:55Z,@dikihadiyansyah6577,Gpp biar berkurang orang yang tdk bermanfaat,3
2021-01-02T08:12:23Z,@lullabyvintage5874,@@dikihadiyansyah6577 LoL ğŸ˜‚ğŸ˜‚,1
2021-01-02T08:29:27Z,@anggapratamafebri3726,@@suryah999 orang sehat di vaksin nanti yang ada malah nambah banyak penyakitan mendingan gak usah..,1
2021-01-02T07:27:04Z,@Naimnavy154,Mana video presiden pak jokowi di suntik vaksin pertama kali nih,0
2021-01-02T07:25:11Z,@andrianfahreanadi1976,Ayo buruan kelar ni pandemi dah.,0
2021-01-02T07:21:43Z,@khalwaniparid4217,"Nah ini berita bikin serem,bikin jantung mau copot,,teringat jaman SD dulu lihat jarum suntik sampe tidurğŸ˜„ğŸ˜„ğŸ˜„ğŸ˜„",1
2021-01-02T07:52:55Z,@jaluw2713,bagus orang kayak kamu mati berdiri,0
2021-01-02T10:29:38Z,@khalwaniparid4217,@@jaluw2713 corona pembodohan,0
2021-01-02T07:21:19Z,@blasiusmagol2262,Saya mau vaksin duluan,3
2021-01-04T13:05:19Z,@kelvinsmith9700,Saya juga mau.. sudah penat hanya dirumah.,0
2021-01-04T13:09:37Z,@blasiusmagol2262,"@@kelvinsmith9700 Siap,,,, biar cepat bebas,,,z",0
2021-01-08T00:17:37Z,@onlypsip7619,@@blasiusmagol2262 aku sih ragu belum tentu aman itu vaksin,0
2021-01-08T00:35:03Z,@blasiusmagol2262,"@@onlypsip7619 Tidak apa2 kalau Ragu,,,, tunggu aja setelah kami yg vaksin pertama aman baru nyusul kamu",0
2021-01-02T07:17:55Z,@edosaragih2277,Mantap,1
2021-01-02T07:13:38Z,@mbad.6030,Ishhh....<br>Suntik lagi.<br>Pas SD aja lari larian...ğŸ˜­<br>Masa iya udah kerja mau kek gituğŸ˜‚,22
2021-01-02T08:58:41Z,@CometZ,emang vaksin tergantung umur? otak anda dipake dong,0
2021-01-02T09:18:18Z,@muhamadfarhan6707,Kelompok kadrun gausah divaksin,1
2021-01-02T10:01:09Z,@dwikywee4292,"Kalau orang udah phobia jarum mau gmana lagi. Aku kagak phobia aja pas disuntik tegang ğŸ˜€<br><br>*AkhirÂ² ini otak orangÂ² terlalu beku hingga tak berfungsi, komen joke spt ini ditanggepi sinis &amp; berbau politis.",2
2021-01-02T10:07:19Z,@muhamadfarhan6707,@@dwikywee4292 KADRONE bandar narkoba pendana isisğŸ˜¨ğŸªğŸªğŸªğŸªğŸ¦ğŸœğŸœğŸœğŸœ,1
2021-01-02T10:49:37Z,@rriaamee,@@muhamadfarhan6707 KARDONE anti kiri? ğŸ¤”ğŸ¤”ğŸ˜ğŸ˜ğŸ˜…,1
2021-01-02T07:13:21Z,@chernpedd2182,waktu rapid pejabat duluan.. giliran vaksin pejabat gak mau duluan wkwkwk,0
2021-01-02T07:23:59Z,@gunawan_smnjtk,sok tau lu,1
2021-01-03T13:08:03Z,@Jombloisme,Manusia macam gini .ntar gk usah vaksin...biar kalo kena corona cepet keliang lahat.....berkurang de manusia kaya gini,1
2021-01-02T07:09:03Z,@febriansyahkristianto1966,Knpa ga presiden mentri dan dpr duluğŸ˜‚,2
2021-01-02T07:21:31Z,@adrianbudiono6403,Lu gak mau duluan?,1
2021-01-02T07:29:56Z,@febriansyahkristianto1966,@@adrianbudiono6403 udh banyak relawan dan garda terdepan jdi korban.<br><br><br>Tapi yg syukur syukur vaksin berefek bagus.<br><br><br><br>Tapi lebih bagus lagi.<br><br>Knpa yg duluan persiden dan menteri dan dprğŸ˜,0
2021-01-02T07:37:55Z,@adrianbudiono6403,@@febriansyahkristianto1966 lah yang duluan yang banyak korban lah ..... otak dimana sihhh hadehhh,0
2021-01-02T07:38:10Z,@adrianbudiono6403,@@febriansyahkristianto1966 Duhhh makanya banyak literasi berita baru berbicara ya,0
2021-01-02T08:05:47Z,@dediabdulah2442,@@adrianbudiono6403 kamu sudah di vaksin kah?,0
2021-01-02T07:08:27Z,@refridaamir1009,Alhamdulillah Vaksinisasi sudah dimulai di Indonesia. Semoga Corona cepat berlalu dari Indonesia dan di dunia. Aamiin YRA,12
2021-01-02T07:08:04Z,@Lah.ini.aditya,Atut ah g mau suntik ğŸ’‰,6
2021-01-02T07:04:56Z,@jafarahmednulloh5717,Semoga Indonesia cepat hilang covid19 dari negeri ini and rakyat Indonesia normal lagi kehidupannya,26
2021-01-02T13:10:30Z,@wayanchannelpowerofawoman3216,amin..terimakasih doa dari anda untuk kami..semoga anda juga selalu sehat..,1
2021-01-02T14:12:30Z,@user-zw9bt2px2u,Sholat 5 waktu tdk lp dan berhati bersih,1
2021-01-02T15:53:35Z,@wayanchannelpowerofawoman3216,@@user-zw9bt2px2u sip itu wajib,0
2021-01-02T16:36:09Z,@jafarahmednulloh5717,@@wayanchannelpowerofawoman3216 terima kasih semoga anda juga sehat friends,0
2021-01-02T16:37:34Z,@jafarahmednulloh5717,@@user-zw9bt2px2u itu harus selalu,0
2021-01-02T07:01:40Z,@ichwanramadhandjati9050,"Menit <a href=""https://www.youtube.com/watch?v=BRoifSCl_nk&amp;t=60"">1:00</a> &quot;vaksin dibayar&quot; woey dari presiden langsung Tegaskan kemarin, bahwasanya vaksin tidak dipungut biaya sama sekali alias GRATIS..!!!!",10
2021-01-02T07:08:13Z,@abdulrahmanfarid968,"Yg gratis sinopak, yg dr jerman bayar bosss",1
2021-01-02T07:34:19Z,@ichwanramadhandjati9050,"Sejak kapan Indonesia beli vaksin Pfizer dari jerman? Yg ada 1,2 juta dosis vaksin sinovac dari China masuk ke Indo.<br>Dan ternyata China sendiri memesan vaksin dari Jerman, krn sudah punya persetujuan dari WHO",3
2021-01-02T07:35:52Z,@abdulrahmanfarid968,@@ichwanramadhandjati9050 baca baca lagi bro baru komen,0
2021-01-02T07:39:52Z,@ichwanramadhandjati9050,@@abdulrahmanfarid968 balasan basi bgni utk org yg memang tidak paham apa2..<br>kamu baca dimana indonesia beli vaksin Pfizer Jerman? Coba tunjukin,1
2021-01-02T07:45:42Z,@abdulrahmanfarid968,"@@ichwanramadhandjati9050 cari gugel bwang,cari dulu tar balik lagi kesini",0
2021-01-02T06:39:45Z,@kamucorona3319,Nakes blm d vaksin kok udah maksinin org awam.?! Takut ah..,2
2021-01-02T07:14:55Z,@mbad.6030,Darimana anda tau klw nakes blm di vaksin?,1
2021-01-02T07:21:43Z,@adrianbudiono6403,Hadeh drun drun.....,1
2021-01-02T07:25:39Z,@manizz7992,sok tau lu!!! makanya simak berita yg bener jangan ngemeng duluan sblm paham.,1
2021-01-02T07:28:17Z,@kamucorona3319,@@manizz7992 masa siihhh..,0
2021-01-02T07:28:47Z,@kamucorona3319,@@adrianbudiono6403 emang ada masdrun ya.?,0
2021-01-02T06:37:24Z,@masbram73,Prioritas pertama adl garda terdepan aparat negara + ... golongan promaksiat jg buzzerRp,6
2021-01-02T07:20:53Z,@adrianbudiono6403,wkwkwkkw drun drun,2
2021-01-02T08:10:57Z,@dikihadiyansyah6577,"Kalo lu mah gk usah, biar tau rasa",0
2021-01-02T08:15:33Z,@synhan2904,Wkwkwkkw Parasit negara komen,1
2021-01-02T08:42:44Z,@eliyaajah,Terutama para cebong dongok sesat sampe kiamat.... kaum yg gak percaya akherat.....,0
2021-01-02T13:01:17Z,@dikihadiyansyah6577,@@eliyaajah fitnaaah teroos drun...,1
2021-01-02T06:36:19Z,@rudihartono-xk1up,"Pake visor dong kyk di cina sm singapura,,,",0
2021-01-02T06:35:09Z,@ngalorngidul3961,"Nakes duluan, klo kenapa-kenapa habis indonesia.",2
2021-01-02T07:21:54Z,@adrianbudiono6403,Terus lu mau duluan?,1
2021-01-02T07:27:33Z,@manizz7992,Ngapain pemerintah mengorbankan nakes dan rakyatnya kalau vaksinnya ga bener!!! Hadeuh!!!!,1
2021-01-02T07:29:59Z,@binongpermai170,Gue nakes....hepi2 aja kl divaksin duluan...,1
2021-01-03T14:13:00Z,@ydtresnatias9202,"@@binongpermai170 betul. Bismillah ikhtiar harus, nyerah jangan",0
2021-01-02T06:34:02Z,@seseprizky2281,"Masih nunggu muncul video Mr President d vaksin,. Krn belio udh komit mo d vaksin dluan... ğŸ˜",31
2021-01-02T07:50:31Z,@jaluw2713,bapakmu saja duluan,1
2021-01-02T07:53:31Z,@suryah999,Bilang aja cemen. Tkt sama jarum.,0
2021-01-02T08:00:14Z,@bankbaron3576,Ayooo monggo siapa lg yg mau komen...,0
2021-01-02T08:00:53Z,@nazkanoval3198,@@jaluw2713 mbahmu,0
2021-01-02T08:03:46Z,@yosukerechain2000,Benersih. Dia jg yg janji,1
2021-01-02T06:33:12Z,@onlineshoppingjakarta7338,Pilih vaksin Amerika jangan cina,1
2021-01-02T07:58:42Z,@nambelas,Mendingan jadi antek asing daripada antek aseng ni ye.,1
2021-01-02T06:32:56Z,@Qiyiel555,"Haha ngakak bang corona, mereka jadi uji trial ketiga sinovac. Semoga mereka kena deh penyakit aneh&quot;",1
2021-01-02T06:43:18Z,@swarnadwipa9816,@Arraha Minafe amin,0
2021-01-02T07:06:49Z,@yasmeen1226,Doa&#39;mu kok jelek si smoga aza km gpp nntiny dn andai km kena covid akan measakan gmn rasanya dn aku yng udah merasakan di vaksin gpp kok tgl 8 besok tahap ke 2,3
2021-01-02T10:18:40Z,@Qiyiel555,@@yasmeen1226 kamu bakalan mati,0
2021-01-02T16:04:56Z,@aelissa39,Berita sekelas CNN kalau di Indonesia komennya tetep aja banyakan jahiliyah ğŸ™ˆ,1
2021-01-02T06:31:00Z,@linaangela7187,Puji Tuhan vaksinasi sudah dimulai<br>...semoga lancar dan pandemi covid segera hilang dari bumi Indonesia...amin3xğŸ˜‡ğŸ˜‡ğŸ˜‡,6
2021-01-02T07:17:39Z,@slametpriyanto9930,"Covid pasti hilang kalau Vaksin sudah terjual, namanya juga resezi ekonomi,",0
2021-01-02T06:25:16Z,@zidnizam,"Btw, yang vaksin dari Cina, SINOVAC katanya belum ada laporan Uji Klinis ke berapa dah, kok malah dibeli?",0
2021-01-02T06:33:34Z,@ngalorngidul3961,cina sendiri pake punya pfizer,0
2021-01-02T06:41:00Z,@reee2549,"Di Chinanya tinggal nunggu izin penggunaan darurat, hasil uji klinis di indonesia keluar mingdep, percaya mereka lebih pintar dan ngerti, kita tinggal ngikutin aturan aja sebagai warna negara yg baik dan taat peraturanâ˜ºï¸",2
2021-01-02T08:11:32Z,@dediabdulah2442,"@@reee2549 ya bagus kalau gitu, silahkan kamu yg di vaksin duluan ya",0
2021-01-02T08:56:07Z,@eliyaajah,@@reee2549 <br>Nanti kalau ada apaapa sapa yg tanggung jawab..... mereka pasti jawab ... semua udah sesuai prosedur.... mungkin tubuh seseorang berbeda beda reaksi... jadi di luar tanggung jawab kami...,0
2021-01-02T06:24:49Z,@musichits5731,itu vaksin sdh aman belum sih?,4
2021-01-02T06:34:13Z,@artboy6697,kita tunggu aja dulu efektivitas ke badan gimana,1
2021-01-02T06:41:19Z,@ahmaddimas9232,Kalau sudah di gunakan Brati sudah mendapat izin BPOM dan cap halal dari MUI,4
2021-01-02T07:04:37Z,@yasmeen1226,Aman...aku yng udah di vaksin tgl 8 besok tahap ke 2,2
2021-01-02T07:10:52Z,@ahmaddimas9232,@@yasmeen1226 ohya? Sampe 2 tahap ya?,0
2021-01-02T07:16:14Z,@blokmsquare301,Ini dah lulus uji tahap....pastinya amanğŸ¤—,2
2021-01-02T06:21:23Z,@khairuddinkarim5141,Wait and see what happened,15
2021-01-02T06:38:27Z,@m.fakhririzkyp.9165,yes we will see it,2
2021-01-03T02:56:17Z,@aminahkami5914,In West happen that a person or two  got positive covid aweek after resived vacsine.,0
2021-01-04T13:04:24Z,@kelvinsmith9700,@@aminahkami5914 state your proof.. dont talk before you can show the proof,0
2021-01-07T07:16:27Z,@khairuddinkarim5141,@@kelvinsmith9700clinical  test period to short. No base proof,0
2021-01-07T07:16:34Z,@khairuddinkarim5141,@@kelvinsmith9700clinical  test,0
2021-01-02T06:14:15Z,@sugengjeff1470,Lbh baik bertobat krn Tuhan tiada yg sulit menciptakan virus yg lebih ngeri lg sbg alat murka Nya kepada umat manusia.,3
2021-01-02T06:45:28Z,@kaoskaosdistro,"Manusia juga wajib berusaha kakak, gk hanya bertaubat dan berdoa saja trus beres",1
2021-01-02T07:10:30Z,@yasmeen1226,Smua orang pgn yng terbaik buat hidupny klu mslh betobat itu dh pasti tpi harus jg berusaha contoh yng simpel mna ada orang kaya klu gk kerja...kn pasti brusaha bekerja berdoa&quot;bang,1
2021-01-02T09:09:49Z,@eliyaajah,Hidup punya pilihan... <br>Mati wajib bagi semua  yg hidup......,0
2021-01-02T16:03:37Z,@aelissa39,"Sudahkah Anda bertobat dengan cara lebih memperhatikan kebaikan bersama selama masa pandemi? Dg ketat 3M dan ikut vaksin bila Anda mendapatkan aksesnya, itu untuk kebaikan bersama.",0
2021-01-02T06:08:41Z,@hoirull,Monggo2 siapa mau jadi tikus percobaan.,2
2021-01-02T06:15:39Z,@jonathanarthur5939,kalau nonton berita tolong lengkap ya. semua sudah ada giliran masing2 sesuai prioritas nya. jadi ga ada yang namanya tikus percobaan. semua sudah lulus bpom juga.,4
2021-01-02T06:26:15Z,@lenibasri6219,Orang yg suka komen begini hati nya ga bersih.kelinci percobaan lah apa lah...ngadi ngadi.kalo g mau di vaksin ya diem aja kenapa sih.,2
2021-01-02T06:34:03Z,@tttdlll,gak apa mayan ngurangin antrian,1
2021-01-02T06:51:51Z,@gigiharifjatmiko123,contoh manusia berwawasan rendah nekat komen,2
2021-01-02T06:58:29Z,@hoirull,@@tttdlll mantap sekali biar ngurangi antrian hahahaha,0
2021-01-02T06:08:13Z,@mahmudali8383,First komen,3
